job_id,task_id,strategy,model,reasoning_effort,status,first_pass,final_pass,elapsed_seconds,usage_known,input_tokens,cached_input_tokens,output_tokens,reasoning_tokens,cost_known,cost_usd,simulation
circular_boundaries--fixed_strong--01,circular_boundaries,fixed_strong,gpt-6-astra,xhigh,completed,True,True,54.613174,True,17188,0,1537,946,True,0.24873,False
bug_fix--fixed_strong--01,bug_fix,fixed_strong,gpt-6-astra,xhigh,completed,True,True,31.409221,True,15658,0,807,511,True,0.19693,False
structured_extract--fixed_strong--01,structured_extract,fixed_strong,gpt-6-astra,xhigh,completed,True,True,12.908343,True,15762,0,175,62,True,0.16637,False
exact_edit--fixed_strong--01,exact_edit,fixed_strong,gpt-6-astra,xhigh,completed,True,True,10.367609,True,15490,0,109,34,True,0.16035,False
routine_code--fixed_strong--01,routine_code,fixed_strong,gpt-6-astra,xhigh,completed,True,True,25.352792,True,17138,0,556,259,True,0.19918,False
weighted_schedule--fixed_strong--01,weighted_schedule,fixed_strong,gpt-6-astra,xhigh,completed,True,True,73.318014,True,15530,0,2212,1552,True,0.2659,False
exact_edit--fixed_mid--01,exact_edit,fixed_mid,gpt-6.1-sol,high,completed,True,True,13.72494,True,17135,0,97,22,True,0.03524,False
weighted_schedule--fixed_mid--01,weighted_schedule,fixed_mid,gpt-6.1-sol,high,completed,True,True,74.708405,True,17175,0,1384,744,True,0.04819,False
circular_boundaries--fixed_mid--01,circular_boundaries,fixed_mid,gpt-6.1-sol,high,completed,True,True,65.559916,True,17186,12416,1058,475,True,0.0213616,False
structured_extract--fixed_mid--01,structured_extract,fixed_mid,gpt-6.1-sol,high,completed,True,True,16.206695,True,17407,0,155,42,True,0.036364,False
bug_fix--fixed_mid--01,bug_fix,fixed_mid,gpt-6.1-sol,high,completed,True,True,31.704716,True,15656,12416,479,191,True,0.0125116,False
routine_code--fixed_mid--01,routine_code,fixed_mid,gpt-6.1-sol,high,completed,True,True,28.424126,True,17136,0,417,117,True,0.038442,False
exact_edit--router--01,exact_edit,router,gpt-6-luna,medium,completed,True,True,8.844713,True,16441,0,97,22,True,0.0016926,False
structured_extract--router--01,structured_extract,router,gpt-6-luna,medium,completed,True,True,14.508107,True,15066,0,183,70,True,0.0015981,False
bug_fix--router--01,bug_fix,router,gpt-6.1-sol,high,completed,True,True,32.144327,True,15654,0,481,200,True,0.036118,False
routine_code--router--01,routine_code,router,gpt-6.1-sol,medium,completed,True,True,26.655009,True,17134,0,370,70,True,0.037968,False
circular_boundaries--router--01,circular_boundaries,router,gpt-6.1-sol,medium,completed,True,True,46.163167,True,17184,0,750,239,True,0.041868,False
weighted_schedule--router--01,weighted_schedule,router,gpt-6.1-sol,medium,completed,True,True,50.162719,True,17173,0,859,246,True,0.042936,False
